term,lemma,suggested_meaning_zh_simp,part_of_speech,part_of_speech_zh,popup_speak_text_zh,tts_engine_preferred,tts_voice_preferred,quality_grade,import_allowed,can_default_popup,single_click_popup_enabled,high_confidence_popup,can_learning_search,needs_followup_review,product_layer_after_prepare,reason,match_source,meaning_supported_by_current_evidence,repaired_from_reject,source_index,source_volume,source_page,evidence_en,evidence_zh_simp,occurrence_count,volume_count,score,original_product_layer,original_final_category,original_meaning_zh_simp,database_write_performed,front_end_import_ready,reader_dictionary_import_candidate,domain_glossary_import_candidate,metadata
experience,experience,经历,noun,名词,名词，经历。英文，experience。,edge-tts,zh-CN-YunjianNeural,A,true,true,true,true,true,false,default_front_glossary,Confirmed. Existing front-end candidate has aligned English and Chinese evidence.,final_import_precheck_49,true,false,7,01 Genesis,26,"Check with your own experience. First, the Spirit broods over you. Then comes the speaking.",请核对你自己的经历。首先那灵覆翼在你身上，然后有了说话，借此你接受了活的话，那活的话就在里面照亮你。当神说话，祂就吩咐光从黑暗里照出来。『因为那说光要从黑暗里照出来的神，已经照在我们心里…。』神的说话带进光。阿利路亚！,6962,48,7442.0,default_front_glossary,frontend_ready,经历,false,false,false,true,"{""schema"": ""sentence_reader.lifestudy_full_database_import_prepare.item.v1"", ""original_product_layer"": ""default_front_glossary"", ""original_final_category"": ""frontend_ready"", ""source_volume"": ""01 Genesis"", ""source_page"": ""26"", ""can_default_popup"": true, ""single_click_popup_enabled"": true, ""high_confidence_popup"": true, ""can_learning_search"": true, ""needs_followup_review"": false, ""repaired_from_reject"": false, ""part_of_speech"": ""noun"", ""part_of_speech_zh"": ""名词"", ""popup_speak_text_zh"": ""名词，经历。英文，experience。"", ""tts_engine_preferred"": ""edge-tts"", ""tts_voice_preferred"": ""zh-CN-YunjianNeural""}"
grace,grace,恩典,noun,名词,名词，恩典。英文，grace。,edge-tts,zh-CN-YunjianNeural,A,true,true,true,true,true,false,default_front_glossary,Confirmed. Existing front-end candidate has aligned English and Chinese evidence.,final_import_precheck_49,true,false,19,01 Genesis,298,His mercy and grace we are all seekers of the Lord.,怜悯和恩典，我们都是寻求主的人。,4951,47,5421.0,default_front_glossary,frontend_ready,恩典,false,false,false,true,"{""schema"": ""sentence_reader.lifestudy_full_database_import_prepare.item.v1"", ""original_product_layer"": ""default_front_glossary"", ""original_final_category"": ""frontend_ready"", ""source_volume"": ""01 Genesis"", ""source_page"": ""298"", ""can_default_popup"": true, ""single_click_popup_enabled"": true, ""high_confidence_popup"": true, ""can_learning_search"": true, ""needs_followup_review"": false, ""repaired_from_reject"": false, ""part_of_speech"": ""noun"", ""part_of_speech_zh"": ""名词"", ""popup_speak_text_zh"": ""名词，恩典。英文，grace。"", ""tts_engine_preferred"": ""edge-tts"", ""tts_voice_preferred"": ""zh-CN-YunjianNeural""}"
gospel,gospel,福音,noun,名词,名词，福音。英文，gospel。,edge-tts,zh-CN-YunjianNeural,A,true,true,true,true,true,false,default_front_glossary,Confirmed. Existing front-end candidate has aligned English and Chinese evidence.,final_import_precheck_49,true,false,17,01 Genesis,24,"We need to see that the record of Genesis is something related to life, to God’s gospel, and spiritual things.",翼，如同母鸡为生小鸡而孵卵一样。当圣经头一次说到那灵，不是说那灵的能力，或那灵的大能，乃是说『神的灵覆翼在水面上。』这意思是祂在豫备产生生命。我们需要看见，创世记一章的记载是关乎生命，关乎神的福音并关乎属灵的事的。关于这点，林后四章六节是很强的证明。保罗说，『因为那说光要从黑暗里照出来的神，已经照在我们心里，为著光照人，使人认识那显在耶稣基督面上之神的荣耀。』这必是指创世记一章说的。藉这节经文我们能领会，创世记一章所记的每件事，必是与生命，与神的光照，与神的福音有关。基于这一节，我们需要根据生命解释每件事。,5448,45,5898.0,default_front_glossary,frontend_ready,福音,false,false,false,true,"{""schema"": ""sentence_reader.lifestudy_full_database_import_prepare.item.v1"", ""original_product_layer"": ""default_front_glossary"", ""original_final_category"": ""frontend_ready"", ""source_volume"": ""01 Genesis"", ""source_page"": ""24"", ""can_default_popup"": true, ""single_click_popup_enabled"": true, ""high_confidence_popup"": true, ""can_learning_search"": true, ""needs_followup_review"": false, ""repaired_from_reject"": false, ""part_of_speech"": ""noun"", ""part_of_speech_zh"": ""名词"", ""popup_speak_text_zh"": ""名词，福音。英文，gospel。"", ""tts_engine_preferred"": ""edge-tts"", ""tts_voice_preferred"": ""zh-CN-YunjianNeural""}"
glory,glory,荣耀,noun,名词,名词，荣耀。英文，glory。,edge-tts,zh-CN-YunjianNeural,A,true,true,true,true,true,false,default_front_glossary,Confirmed. Existing front-end candidate has aligned English and Chinese evidence.,final_import_precheck_49,true,false,22,01 Genesis,9,"Why does Christ hold everything? He holds all things for His glory, for His Body. If heavens were to collapse and the earth drop, then where should we be, and where would the Body be?",为甚么基督维持、载著并推动一切？祂维持、载著并推动万有，是为著祂的荣耀，为著祂的身体。诸天若是相撞，地球若是坠落，那么我们要在那里？基督的身体要在那里？我们有这样好的地球可以生活其上，行走其上，我们也有诸天为我们效力。当我们需要阳光时，天就打发牠来。当我们需要雨水时，雨水就来了。当我们需要空气时，空气就在这里。在月球上没有空气，但环绕著地球有天空，在天空里有空气。诸天是为著地效力，地又是为著我们，而我们在这里是为著基督的身体，甚至就是这身体。基督爱这身体。为著祂的身体，祂维持、载著并推动整个宇宙。阿利路亚！,4455,42,4875.0,default_front_glossary,frontend_ready,荣耀,false,false,false,true,"{""schema"": ""sentence_reader.lifestudy_full_database_import_prepare.item.v1"", ""original_product_layer"": ""default_front_glossary"", ""original_final_category"": ""frontend_ready"", ""source_volume"": ""01 Genesis"", ""source_page"": ""9"", ""can_default_popup"": true, ""single_click_popup_enabled"": true, ""high_confidence_popup"": true, ""can_learning_search"": true, ""needs_followup_review"": false, ""repaired_from_reject"": false, ""part_of_speech"": ""noun"", ""part_of_speech_zh"": ""名词"", ""popup_speak_text_zh"": ""名词，荣耀。英文，glory。"", ""tts_engine_preferred"": ""edge-tts"", ""tts_voice_preferred"": ""zh-CN-YunjianNeural""}"
faith,faith,信心,noun,名词,名词，信心。英文，faith。,edge-tts,zh-CN-YunjianNeural,A,true,true,true,true,true,false,default_front_glossary,Confirmed. Existing front-end candidate has aligned English and Chinese evidence.,final_import_precheck_49,true,false,26,01 Genesis,158,"Abraham was not a giant of faith by himself; he was as weak as we are. The God of glory appeared to Abraham again and again, each time transfusing and infusing His divine elements into him, enabling him to live by the faith of God.",亚伯拉罕凭自己并不是信心的大汉，他和我们一样软弱。但是荣耀的神一次又一次向他显现，每一次都将祂神圣的成分传输注入到他里面，使他能凭神的信活著。亚伯拉罕的经历使我们想起电池，电池充电后很好用，但一段时间后需要再充电。照著神向亚伯拉罕的显现来研究亚伯拉罕的历史是非常有趣的。神呼召亚伯拉罕从迦,3771,46,4231.0,default_front_glossary,frontend_ready,信心,false,false,false,true,"{""schema"": ""sentence_reader.lifestudy_full_database_import_prepare.item.v1"", ""original_product_layer"": ""default_front_glossary"", ""original_final_category"": ""frontend_ready"", ""source_volume"": ""01 Genesis"", ""source_page"": ""158"", ""can_default_popup"": true, ""single_click_popup_enabled"": true, ""high_confidence_popup"": true, ""can_learning_search"": true, ""needs_followup_review"": false, ""repaired_from_reject"": false, ""part_of_speech"": ""noun"", ""part_of_speech_zh"": ""名词"", ""popup_speak_text_zh"": ""名词，信心。英文，faith。"", ""tts_engine_preferred"": ""edge-tts"", ""tts_voice_preferred"": ""zh-CN-YunjianNeural""}"
enjoyment,enjoyment,享受,noun,名词,名词，享受。英文，enjoyment。,edge-tts,zh-CN-YunjianNeural,A,true,true,true,true,true,false,default_front_glossary,Confirmed. Existing front-end candidate has aligned English and Chinese evidence.,final_import_precheck_49,true,false,27,01 Genesis,31,"After the fall of humanity and during the time of Noah, the land was once again covered by waters of death (Gen. signifying that man was severed from Christ. Humanity was severed from the enjoyment of the good land. After this, land was recovered again (Gen.",人类堕落后，在挪亚的时代里，地再度被死水淹埋。（创七这表征人与基督隔绝了。人类断绝了对这美地的享受。此后地又得以恢复。（创八地得恢复以后，一直到巴别的时候，人,3695,46,4155.0,default_front_glossary,frontend_ready,享受,false,false,false,true,"{""schema"": ""sentence_reader.lifestudy_full_database_import_prepare.item.v1"", ""original_product_layer"": ""default_front_glossary"", ""original_final_category"": ""frontend_ready"", ""source_volume"": ""01 Genesis"", ""source_page"": ""31"", ""can_default_popup"": true, ""single_click_popup_enabled"": true, ""high_confidence_popup"": true, ""can_learning_search"": true, ""needs_followup_review"": false, ""repaired_from_reject"": false, ""part_of_speech"": ""noun"", ""part_of_speech_zh"": ""名词"", ""popup_speak_text_zh"": ""名词，享受。英文，enjoyment。"", ""tts_engine_preferred"": ""edge-tts"", ""tts_voice_preferred"": ""zh-CN-YunjianNeural""}"
righteousness,righteousness,公义,noun,名词,名词，公义。英文，righteousness。,edge-tts,zh-CN-YunjianNeural,A,true,true,true,true,true,false,default_front_glossary,Confirmed. Existing front-end candidate has aligned English and Chinese evidence.,final_import_precheck_49,true,false,33,21 Ecclesiastes,9,"a. A Poor Man Being Oppressed under the Wresting of Justice and Righteousness In a province a poor man is oppressed under wresting of justice and righteousness, although there are ranks of officials who should attend to this matter and even there is a king who is used to doing things for the advantage of the land.",穷人受欺压，公正和公义遭剥夺在一省之中，虽有各级的官长留意，甚至有君王惯常作有益于国的事，但穷人受欺压，公正和公义遭剥夺。这乃是虚空。（五贪爱银子的，并不知足贪爱银子，以及贪爱丰富和利益的，并不知足；富足人的丰满，却不容他睡觉。这也是虚空。（10,3509,42,3929.0,default_front_glossary,frontend_ready,公义,false,false,false,true,"{""schema"": ""sentence_reader.lifestudy_full_database_import_prepare.item.v1"", ""original_product_layer"": ""default_front_glossary"", ""original_final_category"": ""frontend_ready"", ""source_volume"": ""21 Ecclesiastes"", ""source_page"": ""9"", ""can_default_popup"": true, ""single_click_popup_enabled"": true, ""high_confidence_popup"": true, ""can_learning_search"": true, ""needs_followup_review"": false, ""repaired_from_reject"": false, ""part_of_speech"": ""noun"", ""part_of_speech_zh"": ""名词"", ""popup_speak_text_zh"": ""名词，公义。英文，righteousness。"", ""tts_engine_preferred"": ""edge-tts"", ""tts_voice_preferred"": ""zh-CN-YunjianNeural""}"
apostles,apostle,使徒,noun,名词,名词，使徒。英文，apostles。,edge-tts,zh-CN-YunjianNeural,A,true,true,true,true,true,false,default_front_glossary,Confirmed. Existing front-end candidate has aligned English and Chinese evidence.,final_import_precheck_49,true,false,53,01 Genesis,83,m) The Cases of the Apostles The entire book of Acts and all the Epistles show us the apostles were persons who bore the image of God.,使徒们的例子整本行传和一切的书信给我们看见，使徒们是有神形像的人，因此他们,2728,49,3218.0,default_front_glossary,frontend_ready,使徒,false,false,false,true,"{""schema"": ""sentence_reader.lifestudy_full_database_import_prepare.item.v1"", ""original_product_layer"": ""default_front_glossary"", ""original_final_category"": ""frontend_ready"", ""source_volume"": ""01 Genesis"", ""source_page"": ""83"", ""can_default_popup"": true, ""single_click_popup_enabled"": true, ""high_confidence_popup"": true, ""can_learning_search"": true, ""needs_followup_review"": false, ""repaired_from_reject"": false, ""part_of_speech"": ""noun"", ""part_of_speech_zh"": ""名词"", ""popup_speak_text_zh"": ""名词，使徒。英文，apostles。"", ""tts_engine_preferred"": ""edge-tts"", ""tts_voice_preferred"": ""zh-CN-YunjianNeural""}"
element,element,元素,noun,名词,名词，元素。英文，element。,edge-tts,zh-CN-YunjianNeural,A,true,true,true,true,true,false,default_front_glossary,Confirmed. Existing front-end candidate has aligned English and Chinese evidence.,final_import_precheck_49,true,false,81,01 Genesis,2,"The Bible contains the very element of God. Whatever God is, is contained in this divine book. God is light, life, love, power, wisdom, and many other items.",呼出的。圣经包含了神的元素。凡神之所是，都包含在这本神圣的书里。神是光、生命、爱、能力、智慧、以,2261,47,2731.0,default_front_glossary,frontend_ready,元素,false,false,false,true,"{""schema"": ""sentence_reader.lifestudy_full_database_import_prepare.item.v1"", ""original_product_layer"": ""default_front_glossary"", ""original_final_category"": ""frontend_ready"", ""source_volume"": ""01 Genesis"", ""source_page"": ""2"", ""can_default_popup"": true, ""single_click_popup_enabled"": true, ""high_confidence_popup"": true, ""can_learning_search"": true, ""needs_followup_review"": false, ""repaired_from_reject"": false, ""part_of_speech"": ""noun"", ""part_of_speech_zh"": ""名词"", ""popup_speak_text_zh"": ""名词，元素。英文，element。"", ""tts_engine_preferred"": ""edge-tts"", ""tts_voice_preferred"": ""zh-CN-YunjianNeural""}"
blessing,blessing,祝福,noun_or_verb,名词或动词,名词或动词，祝福。英文，blessing。,edge-tts,zh-CN-YunjianNeural,A,true,true,true,true,true,false,default_front_glossary,Confirmed. Existing front-end candidate has aligned English and Chinese evidence.,final_import_precheck_49,true,false,74,02 Exodus,17,We should trust only in the Lord’s sovereign blessing.,福。当主祝福我们时，连我们的过,2317,45,2767.0,default_front_glossary,frontend_ready,祝福,false,false,false,true,"{""schema"": ""sentence_reader.lifestudy_full_database_import_prepare.item.v1"", ""original_product_layer"": ""default_front_glossary"", ""original_final_category"": ""frontend_ready"", ""source_volume"": ""02 Exodus"", ""source_page"": ""17"", ""can_default_popup"": true, ""single_click_popup_enabled"": true, ""high_confidence_popup"": true, ""can_learning_search"": true, ""needs_followup_review"": false, ""repaired_from_reject"": false, ""part_of_speech"": ""noun_or_verb"", ""part_of_speech_zh"": ""名词或动词"", ""popup_speak_text_zh"": ""名词或动词，祝福。英文，blessing。"", ""tts_engine_preferred"": ""edge-tts"", ""tts_voice_preferred"": ""zh-CN-YunjianNeural""}"
redemption,redemption,救赎,noun,名词,名词，救赎。英文，redemption。,edge-tts,zh-CN-YunjianNeural,A,true,true,true,true,true,false,default_front_glossary,Confirmed. Existing front-end candidate has aligned English and Chinese evidence.,final_import_precheck_49,true,false,71,03 Leviticus,2,Thus Exodus we see two main things—God’s redemption and God’s habitation.,能阻止祂或废除祂的定旨。人堕落到极点以后，神就进来拯救堕落的人。神救赎了祂堕落的子民，把他们带到一个地方，在那里将他们建造在一起，作祂在地上的居所。因此我们在出埃及记看见两件主要的事－神的救赎和神的居所。,2336,44,2776.0,default_front_glossary,frontend_ready,救赎,false,false,false,true,"{""schema"": ""sentence_reader.lifestudy_full_database_import_prepare.item.v1"", ""original_product_layer"": ""default_front_glossary"", ""original_final_category"": ""frontend_ready"", ""source_volume"": ""03 Leviticus"", ""source_page"": ""2"", ""can_default_popup"": true, ""single_click_popup_enabled"": true, ""high_confidence_popup"": true, ""can_learning_search"": true, ""needs_followup_review"": false, ""repaired_from_reject"": false, ""part_of_speech"": ""noun"", ""part_of_speech_zh"": ""名词"", ""popup_speak_text_zh"": ""名词，救赎。英文，redemption。"", ""tts_engine_preferred"": ""edge-tts"", ""tts_voice_preferred"": ""zh-CN-YunjianNeural""}"
reality,reality,实际,noun,名词,名词，实际。英文，reality。,edge-tts,zh-CN-YunjianNeural,A,true,true,true,true,true,false,default_front_glossary,Confirmed. Existing front-end candidate has aligned English and Chinese evidence.,final_import_precheck_49,true,false,94,06 Joshua,21,"In fact, our flesh has already been crucified, but practicality we need to crucify the flesh day by This is the reality and practicality of remaining in death and burial of Christ, and this is the significance of circumcision.",割礼应用于我们的肉体。在事实上，我们的肉体已经被钉十字架，但在实行上，我们需要天天将肉体钉十字架。这是留在基督之死与埋葬里的实际与实行，这也是割礼的意义。,2136,42,2556.0,default_front_glossary,frontend_ready,实际,false,false,false,true,"{""schema"": ""sentence_reader.lifestudy_full_database_import_prepare.item.v1"", ""original_product_layer"": ""default_front_glossary"", ""original_final_category"": ""frontend_ready"", ""source_volume"": ""06 Joshua"", ""source_page"": ""21"", ""can_default_popup"": true, ""single_click_popup_enabled"": true, ""high_confidence_popup"": true, ""can_learning_search"": true, ""needs_followup_review"": false, ""repaired_from_reject"": false, ""part_of_speech"": ""noun"", ""part_of_speech_zh"": ""名词"", ""popup_speak_text_zh"": ""名词，实际。英文，reality。"", ""tts_engine_preferred"": ""edge-tts"", ""tts_voice_preferred"": ""zh-CN-YunjianNeural""}"
heavenly,heavenly,天上的,adverb,副词,副词，天上的。英文，heavenly。,edge-tts,zh-CN-YunjianNeural,A,true,true,true,true,true,false,default_front_glossary,Confirmed. Existing front-end candidate has aligned English and Chinese evidence.,final_import_precheck_49,true,false,95,03 Leviticus,248,"CHRIST, OUR PERPETUAL DUE All the aspects of Christ revealed in Hebrews inexhaustible. He is the Creator, the Upholder, the Heir, the One who has destroyed the Devil, the Apostle, High Priest, the Forerunner, the Surety, the heavenly Minister, the One appearing before God on our behalf, and the replacement of all the Old Testament offerings.",基督，我们永得的分希伯来书所启示基督的各面是无穷尽的。祂是创造者，维持、载著并推动者，承受者，废除魔鬼者，使徒，大祭司，先锋，保证，天上的执事，为我们显在神前的那位，以及旧约一切供物的顶替。基督是一切正面,2130,42,2550.0,default_front_glossary,frontend_ready,天上的,false,false,false,true,"{""schema"": ""sentence_reader.lifestudy_full_database_import_prepare.item.v1"", ""original_product_layer"": ""default_front_glossary"", ""original_final_category"": ""frontend_ready"", ""source_volume"": ""03 Leviticus"", ""source_page"": ""248"", ""can_default_popup"": true, ""single_click_popup_enabled"": true, ""high_confidence_popup"": true, ""can_learning_search"": true, ""needs_followup_review"": false, ""repaired_from_reject"": false, ""part_of_speech"": ""adverb"", ""part_of_speech_zh"": ""副词"", ""popup_speak_text_zh"": ""副词，天上的。英文，heavenly。"", ""tts_engine_preferred"": ""edge-tts"", ""tts_voice_preferred"": ""zh-CN-YunjianNeural""}"
altar,altar,祭坛,noun,名词,名词，祭坛。英文，altar。,edge-tts,zh-CN-YunjianNeural,A,true,true,true,true,true,false,default_front_glossary,Confirmed. Existing front-end candidate has aligned English and Chinese evidence.,final_import_precheck_49,true,false,82,02 Exodus,249,"The answer that even though a donkey had been redeemed, it still an unclean animal. In order to be sanctified, to offered on the altar to the Lord for His satisfaction, donkey still had to be redeemed with a lamb.",在这点上，我们需要问一个相当令人困惑的问题。既然头生的驴已经被逾越节的羊羔所赎，为甚么在分别为圣时，祂需要再赎呢？答案是：即使一只驴已经被赎了，牠还是不洁净的动物。为了分别为圣，在祭坛上献给主，为著祂的满足，这只驴仍必须用羊羔代赎。牠不彀资格献给主来为著祂的满足。,2240,36,2600.0,default_front_glossary,frontend_ready,祭坛,false,false,false,true,"{""schema"": ""sentence_reader.lifestudy_full_database_import_prepare.item.v1"", ""original_product_layer"": ""default_front_glossary"", ""original_final_category"": ""frontend_ready"", ""source_volume"": ""02 Exodus"", ""source_page"": ""249"", ""can_default_popup"": true, ""single_click_popup_enabled"": true, ""high_confidence_popup"": true, ""can_learning_search"": true, ""needs_followup_review"": false, ""repaired_from_reject"": false, ""part_of_speech"": ""noun"", ""part_of_speech_zh"": ""名词"", ""popup_speak_text_zh"": ""名词，祭坛。英文，altar。"", ""tts_engine_preferred"": ""edge-tts"", ""tts_voice_preferred"": ""zh-CN-YunjianNeural""}"
priesthood,priesthood,祭司职分,noun,名词,名词，祭司职分。英文，priesthood。,edge-tts,zh-CN-YunjianNeural,A,true,true,true,true,true,false,default_front_glossary,Confirmed. Existing front-end candidate has aligned English and Chinese evidence.,final_import_precheck_49,true,false,275,01 Genesis,14,"Satan’s origin was wonderful. He was God’s anointed cherub, the one closest to God, holding the highest position in God’s creation. He had not only kingship, but also the priesthood, the very position that we, God’s redeemed people, have forever (Rev.",撒但的起始是美妙的，他是神所膏的基路伯，是与神最亲近的一位，在神的造物中有最高的地位。他不只有君王职分，也有祭司职分，那是我们蒙救赎的人永远所有的地位。（启五,869,32,1189.0,default_front_glossary,frontend_ready,祭司职分,false,false,false,true,"{""schema"": ""sentence_reader.lifestudy_full_database_import_prepare.item.v1"", ""original_product_layer"": ""default_front_glossary"", ""original_final_category"": ""frontend_ready"", ""source_volume"": ""01 Genesis"", ""source_page"": ""14"", ""can_default_popup"": true, ""single_click_popup_enabled"": true, ""high_confidence_popup"": true, ""can_learning_search"": true, ""needs_followup_review"": false, ""repaired_from_reject"": false, ""part_of_speech"": ""noun"", ""part_of_speech_zh"": ""名词"", ""popup_speak_text_zh"": ""名词，祭司职分。英文，priesthood。"", ""tts_engine_preferred"": ""edge-tts"", ""tts_voice_preferred"": ""zh-CN-YunjianNeural""}"
anointing,anointing,受膏；膏油的涂抹,noun_or_verb,名词或动词,名词或动词，受膏；膏油的涂抹。英文，anointing。,edge-tts,zh-CN-YunjianNeural,A,true,true,true,true,true,false,default_front_glossary,Confirmed. Existing front-end candidate has aligned English and Chinese evidence.,final_import_precheck_49,true,false,244,02 Exodus,1232,"Many in Pentecostalism do not experience a genuine anointing, because they are not properly covered with Christ. Actually there is no need for us to pray for the baptism of the Holy Spirit. If we are covered with Christ in a proper way, the anointing is ours.",多灵恩派的人没有经历真正的受膏，因为他们没有合式地以基督来遮盖。事实上，我们不需要为圣灵的浸来祷告，倘若我们合式地以基督来遮盖，膏油的涂抹就是我们的，,956,31,1266.0,default_front_glossary,frontend_ready,受膏；膏油的涂抹,false,false,false,true,"{""schema"": ""sentence_reader.lifestudy_full_database_import_prepare.item.v1"", ""original_product_layer"": ""default_front_glossary"", ""original_final_category"": ""frontend_ready"", ""source_volume"": ""02 Exodus"", ""source_page"": ""1232"", ""can_default_popup"": true, ""single_click_popup_enabled"": true, ""high_confidence_popup"": true, ""can_learning_search"": true, ""needs_followup_review"": false, ""repaired_from_reject"": false, ""part_of_speech"": ""noun_or_verb"", ""part_of_speech_zh"": ""名词或动词"", ""popup_speak_text_zh"": ""名词或动词，受膏；膏油的涂抹。英文，anointing。"", ""tts_engine_preferred"": ""edge-tts"", ""tts_voice_preferred"": ""zh-CN-YunjianNeural""}"
consecration,consecration,奉献,noun,名词,名词，奉献。英文，consecration。,edge-tts,zh-CN-YunjianNeural,A,true,true,true,true,true,false,default_front_glossary,Confirmed. Existing front-end candidate has aligned English and Chinese evidence.,final_import_precheck_49,true,false,955,01 Genesis,457,"As I went out of that church building and walked along the street, I lifted up my eyes to heaven and said, “God, from today on everything is for You.” That was a real consecration.",你若核对自己的经历，会看见在你蒙召之后，神立刻再向你显现，你就说，『主阿，从今以后，一切都是你的。凡我的所是、所有、所能作、并所要作的，都是为著你。』我仍然能彀回忆我得救那天下午所发生的事。我从那个聚会的地方出去，走在街上，举目望天说，『神阿，从今天起，一切都是为著你。』那是真正的奉献。在属灵的,175,13,305.0,default_front_glossary,frontend_ready,奉献,false,false,false,true,"{""schema"": ""sentence_reader.lifestudy_full_database_import_prepare.item.v1"", ""original_product_layer"": ""default_front_glossary"", ""original_final_category"": ""frontend_ready"", ""source_volume"": ""01 Genesis"", ""source_page"": ""457"", ""can_default_popup"": true, ""single_click_popup_enabled"": true, ""high_confidence_popup"": true, ""can_learning_search"": true, ""needs_followup_review"": false, ""repaired_from_reject"": false, ""part_of_speech"": ""noun"", ""part_of_speech_zh"": ""名词"", ""popup_speak_text_zh"": ""名词，奉献。英文，consecration。"", ""tts_engine_preferred"": ""edge-tts"", ""tts_voice_preferred"": ""zh-CN-YunjianNeural""}"
sin,sin,罪,noun,名词,名词，罪。英文，sin。,edge-tts,zh-CN-YunjianNeural,A,true,true,true,true,true,false,default_front_glossary,Confirmed. Existing front-end candidate has aligned English and Chinese evidence.,final_import_precheck_49,true,false,8,01 Genesis,25,"The Lord Jesus said (John that when the Spirit is come, He will reprove, He will convince world (meaning humanity) of sin (related to Adam), of righteousness (related to Christ), and of judgment (related to Satan).",主耶稣说，当圣灵来了，祂要叫世人为罪，（与亚当有关，）为义，（与基督有关，）为审判，（与撒但有关，）自己责备自己。（约十六祂要用覆翼的方式，非常慈爱的方式责备人，而不用暴烈的方式。在全宇宙中，只有三个人物：亚当、基督与撒但。圣灵在我们里面作工，使我们承认我们是在亚当里生的，除了罪以外一无所有，若是不信基督就无法逃脱罪与亚当的,6544,49,7034.0,default_front_glossary,frontend_ready,罪,false,false,false,true,"{""schema"": ""sentence_reader.lifestudy_full_database_import_prepare.item.v1"", ""original_product_layer"": ""default_front_glossary"", ""original_final_category"": ""frontend_ready"", ""source_volume"": ""01 Genesis"", ""source_page"": ""25"", ""can_default_popup"": true, ""single_click_popup_enabled"": true, ""high_confidence_popup"": true, ""can_learning_search"": true, ""needs_followup_review"": false, ""repaired_from_reject"": false, ""part_of_speech"": ""noun"", ""part_of_speech_zh"": ""名词"", ""popup_speak_text_zh"": ""名词，罪。英文，sin。"", ""tts_engine_preferred"": ""edge-tts"", ""tts_voice_preferred"": ""zh-CN-YunjianNeural""}"
flesh,flesh,肉体,noun,名词,名词，肉体。英文，flesh。,edge-tts,zh-CN-YunjianNeural,A,true,true,true,true,true,false,default_front_glossary,Stable Life-study and biblical term with repeated aligned evidence.,evidence_queue_round_001,true,false,21,01 Genesis,21,"The Lord Jesus, when in the flesh as a man, began execute God’s judgment. He “was manifested, that He might undo the works of the Devil” John The Lord gave His disciples “authority” (Luke over all the power of the enemy.",当主耶稣在肉体中为人的时候，就开始执行神的审判了。祂『显现出来，是要消除魔鬼的作为。』约壹三8。）主给祂门徒『权柄，』（路十19，）胜过仇敌一切的能力。当门徒赶出鬼的时候，撒但就从天上坠落。（路十20。）藉著祂在十字架上的死，祂废除了魔鬼。（来二祂已伤了古蛇的头。现今我们是祂的身体，必须继续这执行，来毁坏蛇尾。,4528,48,5008.0,evidence_queue,needs_more_evidence,肉体,false,false,false,true,"{""schema"": ""sentence_reader.lifestudy_full_database_import_prepare.item.v1"", ""original_product_layer"": ""evidence_queue"", ""original_final_category"": ""needs_more_evidence"", ""source_volume"": ""01 Genesis"", ""source_page"": ""21"", ""can_default_popup"": true, ""single_click_popup_enabled"": true, ""high_confidence_popup"": true, ""can_learning_search"": true, ""needs_followup_review"": false, ""repaired_from_reject"": false, ""part_of_speech"": ""noun"", ""part_of_speech_zh"": ""名词"", ""popup_speak_text_zh"": ""名词，肉体。英文，flesh。"", ""tts_engine_preferred"": ""edge-tts"", ""tts_voice_preferred"": ""zh-CN-YunjianNeural""}"
saints,saint,圣徒,noun,名词,名词，圣徒。英文，saints。,edge-tts,zh-CN-YunjianNeural,A,true,true,true,true,true,false,default_front_glossary,Confirmed. Existing front-end candidate has aligned English and Chinese evidence.,final_import_precheck_49,true,false,30,01 Genesis,33,"The overcoming saints are also likened by the Lord Jesus to the sun (Matt. They are so one with Lord that one day they will shine as the sun, even as does.",主也将得胜的圣徒比作太阳。（太十三43。）他们是这样与主成为一，有一天他们也要像主一样，发光如同太阳。,3587,49,4077.0,default_front_glossary,frontend_ready,圣徒,false,false,false,true,"{""schema"": ""sentence_reader.lifestudy_full_database_import_prepare.item.v1"", ""original_product_layer"": ""default_front_glossary"", ""original_final_category"": ""frontend_ready"", ""source_volume"": ""01 Genesis"", ""source_page"": ""33"", ""can_default_popup"": true, ""single_click_popup_enabled"": true, ""high_confidence_popup"": true, ""can_learning_search"": true, ""needs_followup_review"": false, ""repaired_from_reject"": false, ""part_of_speech"": ""noun"", ""part_of_speech_zh"": ""名词"", ""popup_speak_text_zh"": ""名词，圣徒。英文，saints。"", ""tts_engine_preferred"": ""edge-tts"", ""tts_voice_preferred"": ""zh-CN-YunjianNeural""}"
salvation,salvation,拯救,noun,名词,名词，拯救。英文，salvation。,edge-tts,zh-CN-YunjianNeural,A,true,true,true,true,true,false,default_front_glossary,Confirmed. Existing front-end candidate has aligned English and Chinese evidence.,final_import_precheck_49,true,false,36,01 Genesis,6,"Christ is the hope and salvation of fallen man, God will make fallen man to fulfill His purpose through Christ.",基督是堕落之人的盼望与拯救，神要藉基督使堕落的人成就祂的定旨。,3410,48,3890.0,default_front_glossary,frontend_ready,拯救,false,false,false,true,"{""schema"": ""sentence_reader.lifestudy_full_database_import_prepare.item.v1"", ""original_product_layer"": ""default_front_glossary"", ""original_final_category"": ""frontend_ready"", ""source_volume"": ""01 Genesis"", ""source_page"": ""6"", ""can_default_popup"": true, ""single_click_popup_enabled"": true, ""high_confidence_popup"": true, ""can_learning_search"": true, ""needs_followup_review"": false, ""repaired_from_reject"": false, ""part_of_speech"": ""noun"", ""part_of_speech_zh"": ""名词"", ""popup_speak_text_zh"": ""名词，拯救。英文，salvation。"", ""tts_engine_preferred"": ""edge-tts"", ""tts_voice_preferred"": ""zh-CN-YunjianNeural""}"
expression,expression,表现,noun,名词,名词，表现。英文，expression。,edge-tts,zh-CN-YunjianNeural,A,true,true,true,true,true,false,default_front_glossary,Confirmed. Existing front-end candidate has aligned English and Chinese evidence.,final_import_precheck_49,true,false,46,03 Leviticus,2,"Today’s world is the expression of man’s fall to the uttermost, for the world is the ultimate expression of the steps of man’s The first verse of Genesis says, “In the beginning God created the heaven and the earth,” and the last verse tells us that Joseph “was put in a coffin in Egypt” In the first verse we have God’s creation, in the last verse we have the issue of all the steps man’s fall—a man put in a coffin in Egypt.",落到世界，世界就是人这几步堕落终极的表现。创世记头一节说，『起初神创造天地；』末了一节说，『约瑟死了，…收殓在棺材里，停在埃及。』（创五十26。）头一节是神的创造，末了一节是人各步堕落的结果－一个人收殓在棺材里，停在埃及。这是创世记里清楚的启示。,2894,49,3384.0,default_front_glossary,frontend_ready,表现,false,false,false,true,"{""schema"": ""sentence_reader.lifestudy_full_database_import_prepare.item.v1"", ""original_product_layer"": ""default_front_glossary"", ""original_final_category"": ""frontend_ready"", ""source_volume"": ""03 Leviticus"", ""source_page"": ""2"", ""can_default_popup"": true, ""single_click_popup_enabled"": true, ""high_confidence_popup"": true, ""can_learning_search"": true, ""needs_followup_review"": false, ""repaired_from_reject"": false, ""part_of_speech"": ""noun"", ""part_of_speech_zh"": ""名词"", ""popup_speak_text_zh"": ""名词，表现。英文，expression。"", ""tts_engine_preferred"": ""edge-tts"", ""tts_voice_preferred"": ""zh-CN-YunjianNeural""}"
cross,cross,十字架,noun,名词,名词，十字架。英文，cross。,edge-tts,zh-CN-YunjianNeural,A,true,true,true,true,true,false,default_front_glossary,Stable biblical term with repeated aligned evidence and high reader value.,evidence_queue_round_001,true,false,41,01 Genesis,21,"When the disciples cast out demons, Satan fell from heaven (Luke Through His death on the cross, He destroyed the Devil (Heb.",当主耶稣在肉体中为人的时候，就开始执行神的审判了。祂『显现出来，是要消除魔鬼的作为。』约壹三8。）主给祂门徒『权柄，』（路十19，）胜过仇敌一切的能力。当门徒赶出鬼的时候，撒但就从天上坠落。（路十20。）藉著祂在十字架上的死，祂废除了魔鬼。（来二祂已伤了古蛇的头。现今我们是祂的身体，必须继续这执行，来毁坏蛇尾。,3046,46,3506.0,evidence_queue,needs_more_evidence,十字架,false,false,false,true,"{""schema"": ""sentence_reader.lifestudy_full_database_import_prepare.item.v1"", ""original_product_layer"": ""evidence_queue"", ""original_final_category"": ""needs_more_evidence"", ""source_volume"": ""01 Genesis"", ""source_page"": ""21"", ""can_default_popup"": true, ""single_click_popup_enabled"": true, ""high_confidence_popup"": true, ""can_learning_search"": true, ""needs_followup_review"": false, ""repaired_from_reject"": false, ""part_of_speech"": ""noun"", ""part_of_speech_zh"": ""名词"", ""popup_speak_text_zh"": ""名词，十字架。英文，cross。"", ""tts_engine_preferred"": ""edge-tts"", ""tts_voice_preferred"": ""zh-CN-YunjianNeural""}"
blood,blood,血,noun,名词,名词，血。英文，blood。,edge-tts,zh-CN-YunjianNeural,A,true,true,true,true,true,false,default_front_glossary,Stable biblical term with repeated aligned evidence.,evidence_queue_round_001,true,false,55,01 Genesis,116,The stomach is not only a receiver also a digestive organ which assimilates food dispenses it into the blood cells.,我们有口而没有胃，就无法接受食物作全身的供应。胃不仅是接收器，也是消化器，能吸收食物，分送给血球。最后，经过了消化和吸收，食物的本质就变成了我们的生机组织。神的用意是要将祂自己分赐到我们里面。祂怎样作这事呢？乃是藉著作我们的食物。主耶稣自己告诉我们，祂来是作『生命的粮。』（约六祂说，『那吃我的人，也要因我活著。』（约六这意思是说，主耶稣不仅是我们的救主、救赎主和生命，也是我们生命的供应。祂是生命的粮。神渴望藉著作,2609,39,2999.0,evidence_queue,needs_more_evidence,血,false,false,false,true,"{""schema"": ""sentence_reader.lifestudy_full_database_import_prepare.item.v1"", ""original_product_layer"": ""evidence_queue"", ""original_final_category"": ""needs_more_evidence"", ""source_volume"": ""01 Genesis"", ""source_page"": ""116"", ""can_default_popup"": true, ""single_click_popup_enabled"": true, ""high_confidence_popup"": true, ""can_learning_search"": true, ""needs_followup_review"": false, ""repaired_from_reject"": false, ""part_of_speech"": ""noun"", ""part_of_speech_zh"": ""名词"", ""popup_speak_text_zh"": ""名词，血。英文，blood。"", ""tts_engine_preferred"": ""edge-tts"", ""tts_voice_preferred"": ""zh-CN-YunjianNeural""}"
principle,principle,原则,noun,名词,名词，原则。英文，principle。,edge-tts,zh-CN-YunjianNeural,A,true,true,true,true,true,false,default_front_glossary,Confirmed. Existing front-end candidate has aligned English and Chinese evidence.,final_import_precheck_49,true,false,78,01 Genesis,41,"God limited the darkness on the first day and, in same principle, He limited the death waters on the third day. In Jeremiah we read that God limited the death waters with sand, the smallest particles of rocks.",神在第一天限制了黑暗，同样的原则，祂在第三天限制了死水。在耶利米五章二十二节，我们读到神用沙－最小的石子－限制死水。神对,2290,47,2760.0,default_front_glossary,frontend_ready,原则,false,false,false,true,"{""schema"": ""sentence_reader.lifestudy_full_database_import_prepare.item.v1"", ""original_product_layer"": ""default_front_glossary"", ""original_final_category"": ""frontend_ready"", ""source_volume"": ""01 Genesis"", ""source_page"": ""41"", ""can_default_popup"": true, ""single_click_popup_enabled"": true, ""high_confidence_popup"": true, ""can_learning_search"": true, ""needs_followup_review"": false, ""repaired_from_reject"": false, ""part_of_speech"": ""noun"", ""part_of_speech_zh"": ""名词"", ""popup_speak_text_zh"": ""名词，原则。英文，principle。"", ""tts_engine_preferred"": ""edge-tts"", ""tts_voice_preferred"": ""zh-CN-YunjianNeural""}"
knowledge,knowledge,知识,noun,名词,名词，知识。英文，knowledge。,edge-tts,zh-CN-YunjianNeural,A,true,true,true,true,true,false,default_front_glossary,Confirmed. Existing front-end candidate has aligned English and Chinese evidence.,final_import_precheck_49,true,false,87,01 Genesis,2,"these items of what God is have been breathed into the Bible. Whenever we come to this book with an open heart and an open spirit, we can immediately touch something divine: not just thoughts, concepts, knowledge, words, or sentences, but something deeper than all these things.",及许多别的项目，这一切神所是的项目，都已被呼出而成了圣经。每当我们带著敞开的心，敞开的灵来到这书跟前，就能立刻摸著神圣的事物：不仅仅是思想、观念、知识、字句，乃是深过这一切。我们摸著神的自己。,2185,44,2625.0,default_front_glossary,frontend_ready,知识,false,false,false,true,"{""schema"": ""sentence_reader.lifestudy_full_database_import_prepare.item.v1"", ""original_product_layer"": ""default_front_glossary"", ""original_final_category"": ""frontend_ready"", ""source_volume"": ""01 Genesis"", ""source_page"": ""2"", ""can_default_popup"": true, ""single_click_popup_enabled"": true, ""high_confidence_popup"": true, ""can_learning_search"": true, ""needs_followup_review"": false, ""repaired_from_reject"": false, ""part_of_speech"": ""noun"", ""part_of_speech_zh"": ""名词"", ""popup_speak_text_zh"": ""名词，知识。英文，knowledge。"", ""tts_engine_preferred"": ""edge-tts"", ""tts_voice_preferred"": ""zh-CN-YunjianNeural""}"
covenant,covenant,约,noun,名词,名词，约。英文，covenant。,edge-tts,zh-CN-YunjianNeural,A,true,true,true,true,true,false,default_front_glossary,Corrects the narrower candidate 盟约 to the stable Life-study/Bible term 约.,evidence_queue_round_001,true,false,89,01 Genesis,361,"f. Living under God’s Covenant No More Judgment of Death Then God made a covenant with Noah, his seed, with every living creature This covenant mainly of one aspect—that never again would death come through the judgment of the death waters.",（六）活在神的约下（1）不再有死的审判那时神与挪亚、他的后代并各样的活物立约。（创九这约主要只有一面－绝不再藉死水的审判，让死亡临到他们。这约在这里主要的是豫表在召会生活中不再有死亡，只有生命。那八个人活在那约之下。因为我们无分于他们的背景，所以很难了解他们离开方舟的感觉。假定你是挪亚的媳妇，你离开方舟之后，仍然心有余悸，恐怕过一阵洪水又会临到。也许你会对自己说，『在洪水以前，我有把握。看看天，天是晴朗的。我很有把握，,2178,38,2558.0,evidence_queue,needs_more_evidence,盟约,false,false,false,true,"{""schema"": ""sentence_reader.lifestudy_full_database_import_prepare.item.v1"", ""original_product_layer"": ""evidence_queue"", ""original_final_category"": ""needs_more_evidence"", ""source_volume"": ""09 Samuel"", ""source_page"": ""71"", ""can_default_popup"": true, ""single_click_popup_enabled"": true, ""high_confidence_popup"": true, ""can_learning_search"": true, ""needs_followup_review"": false, ""repaired_from_reject"": false, ""part_of_speech"": ""noun"", ""part_of_speech_zh"": ""名词"", ""popup_speak_text_zh"": ""名词，约。英文，covenant。"", ""tts_engine_preferred"": ""edge-tts"", ""tts_voice_preferred"": ""zh-CN-YunjianNeural""}"
recovery,recovery,恢复,noun,名词,名词，恢复。英文，recovery。,edge-tts,zh-CN-YunjianNeural,A,true,true,true,true,true,false,default_front_glossary,Confirmed. Existing front-end candidate has aligned English and Chinese evidence.,final_import_precheck_49,true,false,107,01 Genesis,281,Since calling on the Lord has been one of the items in the Lord’s recovery. It was discovered that it was the best way touch the Lord.,事。我花了许多工夫查考神的话中关于呼求主名的事，结果发现这是古时圣徒所实行的，在几千年前就开始了。我用圣经汇编找到许许多多呼求主名的经节，我也注意到呼求主名各种不同的方面。那时我就得到证实和加强，不仅自己操练呼求主，也教导别人，帮助别人呼求主。自从一九六七年以来，呼求主名已成了主恢复中的一项。我们发现这是接触主最好的方法。同年我访问远东，把这事带给那里的圣徒，我可以见证，成千的圣徒藉著呼求主名得著了释放和丰富。,1919,49,2409.0,default_front_glossary,frontend_ready,恢复,false,false,false,true,"{""schema"": ""sentence_reader.lifestudy_full_database_import_prepare.item.v1"", ""original_product_layer"": ""default_front_glossary"", ""original_final_category"": ""frontend_ready"", ""source_volume"": ""01 Genesis"", ""source_page"": ""281"", ""can_default_popup"": true, ""single_click_popup_enabled"": true, ""high_confidence_popup"": true, ""can_learning_search"": true, ""needs_followup_review"": false, ""repaired_from_reject"": false, ""part_of_speech"": ""noun"", ""part_of_speech_zh"": ""名词"", ""popup_speak_text_zh"": ""名词，恢复。英文，recovery。"", ""tts_engine_preferred"": ""edge-tts"", ""tts_voice_preferred"": ""zh-CN-YunjianNeural""}"
soul,soul,魂,noun,名词,名词，魂。英文，soul。,edge-tts,zh-CN-YunjianNeural,A,true,true,true,true,true,false,default_front_glossary,Corrects the old broad candidate 人 to the stable tripartite-man term 魂.,evidence_queue_round_001,true,false,109,01 Genesis,28,"I may say or do something good; yet that good word or deed does not have source in the spirit, but in the soul.",空间是甚么？就是大气，就是包围地球的空气。若是没有大气，在这地上就不可能生出生命。在月亮上没有生命，因为月亮的周围没有空气。神创造空气包围地，使地能产生生命。我们在得救以后，不只里面有光，也有空气，空间。有些东西进到了我们里面，把属天的事与属地的事分开，把神所悦纳上面的事，与祂所不悦纳下面的事分开。这是甚么？这就是十字架分开的工作。我们在得救并与主一同往前以后，就要经历十字架。这十字架要把天然的事与属灵的事分开，把圣的事与俗的事分开，也把属天的事与属地的事分开。希伯来四章十二节告诉我们，活的话能将我们分开到一个地步，使我们的灵与魂分开。我也许说好话，或者作好事，但好话或者好事的源头不是灵，乃是魂。就道德、伦理、或人的观念说，这并没有错；但就属灵说，源头不是出于神，不是出于诸天。那不是出于灵的，乃是出于魂，出于地的。因此，我们需要进一步的分开：不仅分开光暗，也要分辨灵（上面的事）与魂（下面的事）。,1892,42,2312.0,evidence_queue,needs_more_evidence,人,false,false,false,true,"{""schema"": ""sentence_reader.lifestudy_full_database_import_prepare.item.v1"", ""original_product_layer"": ""evidence_queue"", ""original_final_category"": ""needs_more_evidence"", ""source_volume"": ""01 Genesis"", ""source_page"": ""28"", ""can_default_popup"": true, ""single_click_popup_enabled"": true, ""high_confidence_popup"": true, ""can_learning_search"": true, ""needs_followup_review"": false, ""repaired_from_reject"": false, ""part_of_speech"": ""noun"", ""part_of_speech_zh"": ""名词"", ""popup_speak_text_zh"": ""名词，魂。英文，soul。"", ""tts_engine_preferred"": ""edge-tts"", ""tts_voice_preferred"": ""zh-CN-YunjianNeural""}"
humanity,humanity,人性,noun,名词,名词，人性。英文，humanity。,edge-tts,zh-CN-YunjianNeural,A,true,true,true,true,true,false,default_front_glossary,Stable theological/humanity term with repeated aligned evidence.,evidence_queue_round_001,true,false,110,02 Exodus,91,"Life-Study of Exodus Message Both the acacia wood and the linen signify humanity, and the gold signifies divinity. Such an overlaid embroidered humanity is a transformed humanity.",出埃及记生命读经第篇第页而金子则表征神性。这样被包裹和绣成的人性是变化过的人性。在出埃及记第三章神的居所是荆棘，但,1886,43,2316.0,evidence_queue,needs_more_evidence,人性,false,false,false,true,"{""schema"": ""sentence_reader.lifestudy_full_database_import_prepare.item.v1"", ""original_product_layer"": ""evidence_queue"", ""original_final_category"": ""needs_more_evidence"", ""source_volume"": ""02 Exodus"", ""source_page"": ""91"", ""can_default_popup"": true, ""single_click_popup_enabled"": true, ""high_confidence_popup"": true, ""can_learning_search"": true, ""needs_followup_review"": false, ""repaired_from_reject"": false, ""part_of_speech"": ""noun"", ""part_of_speech_zh"": ""名词"", ""popup_speak_text_zh"": ""名词，人性。英文，humanity。"", ""tts_engine_preferred"": ""edge-tts"", ""tts_voice_preferred"": ""zh-CN-YunjianNeural""}"
praise,praise,赞美,noun,名词,名词，赞美。英文，praise。,edge-tts,zh-CN-YunjianNeural,A,true,true,true,true,true,false,default_front_glossary,Confirmed. Existing front-end candidate has aligned English and Chinese evidence.,final_import_precheck_49,true,false,119,01 Genesis,1,"GENESIS—THE GENERAL SKETCH AND CENTRAL THOUGHT Praise the Lord for the Bible! Praise the Lord the life, the divine life, the eternal life, which contained in this Book!",创世记－总纲与中心思想我们为著圣经赞美主！为著包含在这书中的生命，神圣的生命，永远的生命，赞美主！也为著祂给我们这机会，与这么多人，对祂神圣的话语有生命读经而赞美主！主若许，,1757,47,2227.0,default_front_glossary,frontend_ready,赞美,false,false,false,true,"{""schema"": ""sentence_reader.lifestudy_full_database_import_prepare.item.v1"", ""original_product_layer"": ""default_front_glossary"", ""original_final_category"": ""frontend_ready"", ""source_volume"": ""01 Genesis"", ""source_page"": ""1"", ""can_default_popup"": true, ""single_click_popup_enabled"": true, ""high_confidence_popup"": true, ""can_learning_search"": true, ""needs_followup_review"": false, ""repaired_from_reject"": false, ""part_of_speech"": ""noun"", ""part_of_speech_zh"": ""名词"", ""popup_speak_text_zh"": ""名词，赞美。英文，praise。"", ""tts_engine_preferred"": ""edge-tts"", ""tts_voice_preferred"": ""zh-CN-YunjianNeural""}"
enemy,enemy,仇敌,noun,名词,名词，仇敌。英文，enemy。,edge-tts,zh-CN-YunjianNeural,A,true,true,true,true,true,false,default_front_glossary,Stable biblical/spiritual term with repeated aligned evidence.,evidence_queue_round_001,true,false,121,01 Genesis,21,"The Lord Jesus, when in the flesh as a man, began execute God’s judgment. He “was manifested, that He might undo the works of the Devil” John The Lord gave His disciples “authority” (Luke over all the power of the enemy.",当主耶稣在肉体中为人的时候，就开始执行神的审判了。祂『显现出来，是要消除魔鬼的作为。』约壹三8。）主给祂门徒『权柄，』（路十19，）胜过仇敌一切的能力。当门徒赶出鬼的时候，撒但就从天上坠落。（路十20。）藉著祂在十字架上的死，祂废除了魔鬼。（来二祂已伤了古蛇的头。现今我们是祂的身体，必须继续这执行，来毁坏蛇尾。,1735,48,2215.0,evidence_queue,needs_more_evidence,仇敌,false,false,false,true,"{""schema"": ""sentence_reader.lifestudy_full_database_import_prepare.item.v1"", ""original_product_layer"": ""evidence_queue"", ""original_final_category"": ""needs_more_evidence"", ""source_volume"": ""01 Genesis"", ""source_page"": ""21"", ""can_default_popup"": true, ""single_click_popup_enabled"": true, ""high_confidence_popup"": true, ""can_learning_search"": true, ""needs_followup_review"": false, ""repaired_from_reject"": false, ""part_of_speech"": ""noun"", ""part_of_speech_zh"": ""名词"", ""popup_speak_text_zh"": ""名词，仇敌。英文，enemy。"", ""tts_engine_preferred"": ""edge-tts"", ""tts_voice_preferred"": ""zh-CN-YunjianNeural""}"
rest,rest,安息,noun,名词,名词，安息。英文，rest。,edge-tts,zh-CN-YunjianNeural,A,true,true,true,true,true,false,default_front_glossary,Stable biblical/spiritual term with repeated aligned evidence.,evidence_queue_round_001,true,false,141,02 Exodus,7,"While the firstborn in Egypt were being smitten, the children of Israel were enjoying peace, rest, and safety as they the Passover lamb in their houses under the covering the blood.",以及灭命的天使击杀长子是图画。当埃及地所有的长子都被击杀时，以色列人在血的遮盖之下，他们在家中吃逾越节的羊羔，享受平安、安息和安全。何等奇妙的图画！法老和他的军兵追袭以色列人也是一幅图画，描绘出撒但和其背叛的天使追袭神所救赎的人。当我们来到出埃及记时，我们是在看属天的电视，在这电视上我们看见自己蒙救赎和拯救的图画。法老和他的军兵,1549,47,2019.0,evidence_queue,needs_more_evidence,安息,false,false,false,true,"{""schema"": ""sentence_reader.lifestudy_full_database_import_prepare.item.v1"", ""original_product_layer"": ""evidence_queue"", ""original_final_category"": ""needs_more_evidence"", ""source_volume"": ""02 Exodus"", ""source_page"": ""7"", ""can_default_popup"": true, ""single_click_popup_enabled"": true, ""high_confidence_popup"": true, ""can_learning_search"": true, ""needs_followup_review"": false, ""repaired_from_reject"": false, ""part_of_speech"": ""noun"", ""part_of_speech_zh"": ""名词"", ""popup_speak_text_zh"": ""名词，安息。英文，rest。"", ""tts_engine_preferred"": ""edge-tts"", ""tts_voice_preferred"": ""zh-CN-YunjianNeural""}"
lamb,lamb,羔羊,noun,名词,名词，羔羊。英文，lamb。,edge-tts,zh-CN-YunjianNeural,A,true,true,true,true,true,false,default_front_glossary,Stable biblical typology term with repeated aligned evidence.,evidence_queue_round_001,true,false,142,01 Genesis,64,"At the end of Matthew (v. Christ said, “I am a hen. I want to gather you all under My wings, but you would not come Me.” Christ is the cattle, the ox, the calf, the cow, sheep, and the lamb.",的树是基督。基督是橄榄树、无花果树、葡萄树、生命树。鱼也是基督。基督用五个饼两条鱼𫗪饱五千人。基督徒大多只注意五个饼，忽略了两条鱼。基督不仅是五个饼，也是两条鱼，出于死水来滋养我们。基督也是鸟，祂是鹰。出埃及十九章四节说，基督是大鹰，将以色列人背在祂的翅膀上。祂是一只大鹰，将祂的百姓从埃及拯救出来。有一天基督说，祂是一只大母鸡。在马太二十三章末了，基督说，『我是母鸡，我要把你们都聚集在我翅膀底下，只是你们不愿意到我这里来。』（太二三37。）基督是牲畜，是公牛、牛犊、母牛、绵羊、羔羊。基督也,1546,39,1936.0,evidence_queue,needs_more_evidence,羔羊,false,false,false,true,"{""schema"": ""sentence_reader.lifestudy_full_database_import_prepare.item.v1"", ""original_product_layer"": ""evidence_queue"", ""original_final_category"": ""needs_more_evidence"", ""source_volume"": ""01 Genesis"", ""source_page"": ""64"", ""can_default_popup"": true, ""single_click_popup_enabled"": true, ""high_confidence_popup"": true, ""can_learning_search"": true, ""needs_followup_review"": false, ""repaired_from_reject"": false, ""part_of_speech"": ""noun"", ""part_of_speech_zh"": ""名词"", ""popup_speak_text_zh"": ""名词，羔羊。英文，lamb。"", ""tts_engine_preferred"": ""edge-tts"", ""tts_voice_preferred"": ""zh-CN-YunjianNeural""}"
fallen,fallen,堕落,noun,名词,名词，堕落。英文，fallen。,edge-tts,zh-CN-YunjianNeural,A,true,true,true,true,true,false,default_front_glossary,Stable spiritual condition term; use base meaning rather than adjective-only wording.,evidence_queue_round_001,true,false,143,01 Genesis,5,"Chapter reveals the rebellion of the fallen race to the uttermost. There was no hope. Nevertheless, there was hope because Jehovah came in to call Abraham for a new start. Hallelujah! God created, the serpent corrupted, but Jehovah called.",揭示堕落族类的背叛到了极点，那是无可救药了。然而，因著耶和华来呼召亚伯拉罕，另起了一个头而有了指望。阿利路亚！神创造，蛇败坏，但是耶和华呼召。,1537,49,2027.0,evidence_queue,needs_more_evidence,堕落的,false,false,false,true,"{""schema"": ""sentence_reader.lifestudy_full_database_import_prepare.item.v1"", ""original_product_layer"": ""evidence_queue"", ""original_final_category"": ""needs_more_evidence"", ""source_volume"": ""01 Genesis"", ""source_page"": ""6"", ""can_default_popup"": true, ""single_click_popup_enabled"": true, ""high_confidence_popup"": true, ""can_learning_search"": true, ""needs_followup_review"": false, ""repaired_from_reject"": false, ""part_of_speech"": ""noun"", ""part_of_speech_zh"": ""名词"", ""popup_speak_text_zh"": ""名词，堕落。英文，fallen。"", ""tts_engine_preferred"": ""edge-tts"", ""tts_voice_preferred"": ""zh-CN-YunjianNeural""}"
presence,presence,同在,noun,名词,名词，同在。英文，presence。,edge-tts,zh-CN-YunjianNeural,A,true,true,true,true,true,false,default_front_glossary,Corrects the old broad candidate 面前 to the spiritually useful meaning 同在.,evidence_queue_round_001,true,false,148,01 Genesis,1,May the Lord grant us His dear presence with rich anointing all the way through our study.,但愿主在我们一路查读时，赐给我们祂亲密的同在，并祂丰厚的膏油。,1490,40,1890.0,evidence_queue,needs_more_evidence,面前,false,false,false,true,"{""schema"": ""sentence_reader.lifestudy_full_database_import_prepare.item.v1"", ""original_product_layer"": ""evidence_queue"", ""original_final_category"": ""needs_more_evidence"", ""source_volume"": ""01 Genesis"", ""source_page"": ""6"", ""can_default_popup"": true, ""single_click_popup_enabled"": true, ""high_confidence_popup"": true, ""can_learning_search"": true, ""needs_followup_review"": false, ""repaired_from_reject"": false, ""part_of_speech"": ""noun"", ""part_of_speech_zh"": ""名词"", ""popup_speak_text_zh"": ""名词，同在。英文，presence。"", ""tts_engine_preferred"": ""edge-tts"", ""tts_voice_preferred"": ""zh-CN-YunjianNeural""}"
feast,feast,节期,noun,名词,名词，节期。英文，feast。,edge-tts,zh-CN-YunjianNeural,A,true,true,true,true,true,false,default_front_glossary,Corrects the old candidate 享受 to the stable biblical term 节期.,evidence_queue_round_001,true,false,149,01 Genesis,48,"The feast in the first month was feast of Passover. Following that came the feast of unleavened bread, then the feast of the firstfruits and, following that, feast of the seven weeks, called the feast of Pentecost.",关于这事，我们需要读几处利未记的经文。（利二三41。）这几节告诉我们，每年的正月百姓有节期。节期也与节令有关。正月的节期是逾越节，接著是无酵节，然后是初熟节，再后是七七节，也称五旬节。这四个节期都是在上半年。然后，七月一日是吹号节，七月十日是赎罪节，还有七月十五日是住棚节。以上七个节期全是按月分守的。,1454,38,1834.0,evidence_queue,needs_more_evidence,享受,false,false,false,true,"{""schema"": ""sentence_reader.lifestudy_full_database_import_prepare.item.v1"", ""original_product_layer"": ""evidence_queue"", ""original_final_category"": ""needs_more_evidence"", ""source_volume"": ""01 Genesis"", ""source_page"": ""48"", ""can_default_popup"": true, ""single_click_popup_enabled"": true, ""high_confidence_popup"": true, ""can_learning_search"": true, ""needs_followup_review"": false, ""repaired_from_reject"": false, ""part_of_speech"": ""noun"", ""part_of_speech_zh"": ""名词"", ""popup_speak_text_zh"": ""名词，节期。英文，feast。"", ""tts_engine_preferred"": ""edge-tts"", ""tts_voice_preferred"": ""zh-CN-YunjianNeural""}"
ark,ark,方舟,noun,名词,名词，方舟。英文，ark。,edge-tts,zh-CN-YunjianNeural,A,true,true,true,true,true,false,default_front_glossary,Stable biblical typology term with repeated aligned evidence.,evidence_queue_round_001,true,false,153,18 Job,133,D. God Judging the Corrupted World with the Flood and Saving Noah and His Family God judged the corrupted world with the flood saved Noah and his family through the ark The ark is another type of Christ.,四神用洪水审判败坏的世界，并藉著方舟拯救挪亚和他全家神用洪水审判败坏的世界，并藉著方舟拯救挪亚和他全家。（六１１～２０。）方舟是基督的另一个豫表。,1439,29,1729.0,evidence_queue,needs_more_evidence,方舟,false,false,false,true,"{""schema"": ""sentence_reader.lifestudy_full_database_import_prepare.item.v1"", ""original_product_layer"": ""evidence_queue"", ""original_final_category"": ""needs_more_evidence"", ""source_volume"": ""18 Job"", ""source_page"": ""133"", ""can_default_popup"": true, ""single_click_popup_enabled"": true, ""high_confidence_popup"": true, ""can_learning_search"": true, ""needs_followup_review"": false, ""repaired_from_reject"": false, ""part_of_speech"": ""noun"", ""part_of_speech_zh"": ""名词"", ""popup_speak_text_zh"": ""名词，方舟。英文，ark。"", ""tts_engine_preferred"": ""edge-tts"", ""tts_voice_preferred"": ""zh-CN-YunjianNeural""}"
mercy,mercy,怜悯,noun,名词,名词，怜悯。英文，mercy。,edge-tts,zh-CN-YunjianNeural,A,true,true,true,true,true,false,default_front_glossary,Stable spiritual term with repeated aligned evidence.,evidence_queue_round_001,true,false,158,01 Genesis,105,"Romans tells us that we are vessels unto honor, vessels of mercy prepared unto glory. This is our portion.",罗马九章二十一、二十三节说，我们是贵重的器皿，是蒙怜悯、旱豫备得荣耀的器皿。这是我们的分。别小看我，我是贵重的器皿，不是卑贱的器皿。有一天我要满了荣耀，且要在荣耀里彰显荣耀的神。我们都是蒙怜悯、早豫备得荣耀的器皿。,1414,44,1854.0,evidence_queue,needs_more_evidence,怜悯,false,false,false,true,"{""schema"": ""sentence_reader.lifestudy_full_database_import_prepare.item.v1"", ""original_product_layer"": ""evidence_queue"", ""original_final_category"": ""needs_more_evidence"", ""source_volume"": ""01 Genesis"", ""source_page"": ""105"", ""can_default_popup"": true, ""single_click_popup_enabled"": true, ""high_confidence_popup"": true, ""can_learning_search"": true, ""needs_followup_review"": false, ""repaired_from_reject"": false, ""part_of_speech"": ""noun"", ""part_of_speech_zh"": ""名词"", ""popup_speak_text_zh"": ""名词，怜悯。英文，mercy。"", ""tts_engine_preferred"": ""edge-tts"", ""tts_voice_preferred"": ""zh-CN-YunjianNeural""}"
elders,elder,长老,noun,名词,名词，长老。英文，elders。,edge-tts,zh-CN-YunjianNeural,A,true,true,true,true,true,false,default_front_glossary,Stable church term with repeated aligned evidence.,evidence_queue_round_001,true,false,168,01 Genesis,78,"Many people have read Watchman Nee’s book, Spiritual Authority. They simply utilize that book, saying, “We the elders of the church.",许多人读过倪弟兄『权柄与顺服』这本书。他们只是利用那本书，说，『我们是召会的长老。我们是基督徒团体的带领人。我们是神的权柄。』如果你这样说，你在神的权柄上就了了。你没有神的形像。当主耶稣来的时候，祂对人绝没有一种态度自居是权柄，要人服从祂。祂绝没有,1349,46,1809.0,evidence_queue,needs_more_evidence,长老,false,false,false,true,"{""schema"": ""sentence_reader.lifestudy_full_database_import_prepare.item.v1"", ""original_product_layer"": ""evidence_queue"", ""original_final_category"": ""needs_more_evidence"", ""source_volume"": ""01 Genesis"", ""source_page"": ""78"", ""can_default_popup"": true, ""single_click_popup_enabled"": true, ""high_confidence_popup"": true, ""can_learning_search"": true, ""needs_followup_review"": false, ""repaired_from_reject"": false, ""part_of_speech"": ""noun"", ""part_of_speech_zh"": ""名词"", ""popup_speak_text_zh"": ""名词，长老。英文，elders。"", ""tts_engine_preferred"": ""edge-tts"", ""tts_voice_preferred"": ""zh-CN-YunjianNeural""}"
sabbath,sabbath,安息日,noun,名词,名词，安息日。英文，sabbath。,edge-tts,zh-CN-YunjianNeural,A,true,true,true,true,true,false,default_front_glossary,Stable biblical term with repeated aligned evidence.,evidence_queue_round_001,true,false,206,01 Genesis,50,"Christ is the holy day, Christ is the new moon, Christ the sabbath day, Christ is the beginning of the year, Christ is everything.",基督的影儿一切的日子、记号、节令和年岁都是影儿，基督才是实际。（西二17。）基督是圣日，基督是月朔，基督是安息日，基督是一年之始，基督是一切。基督是你的新开始－较大的开始是年，较小的开始是日。基督乃是月朔。,1104,33,1434.0,evidence_queue,needs_more_evidence,安息日,false,false,false,true,"{""schema"": ""sentence_reader.lifestudy_full_database_import_prepare.item.v1"", ""original_product_layer"": ""evidence_queue"", ""original_final_category"": ""needs_more_evidence"", ""source_volume"": ""01 Genesis"", ""source_page"": ""50"", ""can_default_popup"": true, ""single_click_popup_enabled"": true, ""high_confidence_popup"": true, ""can_learning_search"": true, ""needs_followup_review"": false, ""repaired_from_reject"": false, ""part_of_speech"": ""noun"", ""part_of_speech_zh"": ""名词"", ""popup_speak_text_zh"": ""名词，安息日。英文，sabbath。"", ""tts_engine_preferred"": ""edge-tts"", ""tts_voice_preferred"": ""zh-CN-YunjianNeural""}"
propitiation,propitiation,遮罪,noun,名词,名词，遮罪。英文，propitiation。,edge-tts,zh-CN-YunjianNeural,A,true,true,true,true,true,false,default_front_glossary,"Promote with corrected aligned meaning. The evidence maps propitiation to 遮罪, not the broader candidate 赎罪.",final_import_precheck_49,true,false,388,03 Leviticus,13,"Sacrifices are for redemption, for propitiation, whereas presents are gifts for intimate fellowship between and God.",牲是为著救赎、遮罪，礼物乃是赠品，为著我们与神之间有亲密的交通。我们为著这交通所带来的礼物，该是我们所经历的基督。我们珍赏这位基督，就该将祂献给神作礼物。甚至赎罪祭和赎愆祭也可以作我们带来给神的礼物。,575,12,695.0,default_front_glossary,learning_only,遮罪,false,false,false,true,"{""schema"": ""sentence_reader.lifestudy_full_database_import_prepare.item.v1"", ""original_product_layer"": ""default_front_glossary"", ""original_final_category"": ""learning_only"", ""source_volume"": ""03 Leviticus"", ""source_page"": ""13"", ""can_default_popup"": true, ""single_click_popup_enabled"": true, ""high_confidence_popup"": true, ""can_learning_search"": true, ""needs_followup_review"": false, ""repaired_from_reject"": false, ""part_of_speech"": ""noun"", ""part_of_speech_zh"": ""名词"", ""popup_speak_text_zh"": ""名词，遮罪。英文，propitiation。"", ""tts_engine_preferred"": ""edge-tts"", ""tts_voice_preferred"": ""zh-CN-YunjianNeural""}"
priestly,priestly,祭司的,adverb,副词,副词，祭司的。英文，priestly。,edge-tts,zh-CN-YunjianNeural,A,true,true,true,true,true,false,default_front_glossary,Promote as a stable ministry/Bible adjective; evidence directly supports 祭司的 and it complements priesthood.,final_import_precheck_49,true,false,559,01 Genesis,926,(b) For the Priestly Service In Exodus is the consecration of the priesthood.,《2》为著祭司的事奉出埃及二十九章说到祭司承接圣,371,24,611.0,default_front_glossary,learning_only,祭司的,false,false,false,true,"{""schema"": ""sentence_reader.lifestudy_full_database_import_prepare.item.v1"", ""original_product_layer"": ""default_front_glossary"", ""original_final_category"": ""learning_only"", ""source_volume"": ""01 Genesis"", ""source_page"": ""926"", ""can_default_popup"": true, ""single_click_popup_enabled"": true, ""high_confidence_popup"": true, ""can_learning_search"": true, ""needs_followup_review"": false, ""repaired_from_reject"": false, ""part_of_speech"": ""adverb"", ""part_of_speech_zh"": ""副词"", ""popup_speak_text_zh"": ""副词，祭司的。英文，priestly。"", ""tts_engine_preferred"": ""edge-tts"", ""tts_voice_preferred"": ""zh-CN-YunjianNeural""}"
sanctuary,sanctuary,圣所,adjective,形容词,形容词，圣所。英文，sanctuary。,edge-tts,zh-CN-YunjianNeural,A,true,true,true,true,true,false,default_front_glossary,Confirmed. Existing front-end candidate has aligned English and Chinese evidence.,final_import_precheck_49,true,false,716,02 Exodus,277,"In verse we are told that the Lord would plant His people in the mountain of His inheritance, the place which He has made to dwell in. This place is the sanctuary which His hands have established.",十七节告诉我们，主要将祂的百姓栽于祂产业的山上，就是祂为自己所造的住处。这住处就是祂手所建立的圣所。请注,259,21,469.0,default_front_glossary,frontend_ready,圣所,false,false,false,true,"{""schema"": ""sentence_reader.lifestudy_full_database_import_prepare.item.v1"", ""original_product_layer"": ""default_front_glossary"", ""original_final_category"": ""frontend_ready"", ""source_volume"": ""02 Exodus"", ""source_page"": ""277"", ""can_default_popup"": true, ""single_click_popup_enabled"": true, ""high_confidence_popup"": true, ""can_learning_search"": true, ""needs_followup_review"": false, ""repaired_from_reject"": false, ""part_of_speech"": ""adjective"", ""part_of_speech_zh"": ""形容词"", ""popup_speak_text_zh"": ""形容词，圣所。英文，sanctuary。"", ""tts_engine_preferred"": ""edge-tts"", ""tts_voice_preferred"": ""zh-CN-YunjianNeural""}"
fleshly,fleshly,属肉体的,adverb,副词,副词，属肉体的。英文，fleshly。,edge-tts,zh-CN-YunjianNeural,A,true,true,true,true,true,false,default_front_glossary,Promote as a stable spiritual adjective; evidence directly supports 属肉体的 and it is frequent across volumes.,final_import_precheck_49,true,false,838,01 Genesis,380,Many divisions have been caused by relationships in flesh. Every fleshly relationship is the start of a division.,裂是起因于肉体上的关系。一切属肉体的关系都是分裂的开端。我们按著,211,29,501.0,default_front_glossary,learning_only,属肉体的,false,false,false,true,"{""schema"": ""sentence_reader.lifestudy_full_database_import_prepare.item.v1"", ""original_product_layer"": ""default_front_glossary"", ""original_final_category"": ""learning_only"", ""source_volume"": ""01 Genesis"", ""source_page"": ""380"", ""can_default_popup"": true, ""single_click_popup_enabled"": true, ""high_confidence_popup"": true, ""can_learning_search"": true, ""needs_followup_review"": false, ""repaired_from_reject"": false, ""part_of_speech"": ""adverb"", ""part_of_speech_zh"": ""副词"", ""popup_speak_text_zh"": ""副词，属肉体的。英文，fleshly。"", ""tts_engine_preferred"": ""edge-tts"", ""tts_voice_preferred"": ""zh-CN-YunjianNeural""}"
comforter,comforter,保惠师,noun,名词,名词，保惠师。英文，comforter。,edge-tts,zh-CN-YunjianNeural,A,true,true,true,true,true,false,default_front_glossary,"Promote with corrected aligned meaning. The evidence identifies Comforter as 保惠师; 圣灵 is context, not the term meaning.",final_import_precheck_49,true,false,1077,02 Exodus,1000,"In Gospel of John Christ spoke of the Spirit as another Comforter who was to come Christ was Forerunner who cut the way so that the Spirit, other Comforter, could come.",福音书开头的话甚至说到基督是用圣灵施浸的那位。约翰福音里基督说到那灵是要来的另一位保惠师。（十四16。）基督是开路先锋，使另一位保惠师─那灵─能彀来到。祂将要死的时候，告诉门徒说，祂要为著实际的灵来到而祷告，原因就在这里。,141,15,291.0,default_front_glossary,learning_only,保惠师,false,false,false,true,"{""schema"": ""sentence_reader.lifestudy_full_database_import_prepare.item.v1"", ""original_product_layer"": ""default_front_glossary"", ""original_final_category"": ""learning_only"", ""source_volume"": ""02 Exodus"", ""source_page"": ""1000"", ""can_default_popup"": true, ""single_click_popup_enabled"": true, ""high_confidence_popup"": true, ""can_learning_search"": true, ""needs_followup_review"": false, ""repaired_from_reject"": false, ""part_of_speech"": ""noun"", ""part_of_speech_zh"": ""名词"", ""popup_speak_text_zh"": ""名词，保惠师。英文，comforter。"", ""tts_engine_preferred"": ""edge-tts"", ""tts_voice_preferred"": ""zh-CN-YunjianNeural""}"
atonement,atonement,赎罪,noun,名词,名词，赎罪。英文，atonement。,edge-tts,zh-CN-YunjianNeural,A,true,true,true,true,true,false,default_front_glossary,Promote as a stable biblical term; evidence directly supports 赎罪 in 赎罪节.,final_import_precheck_49,true,false,1431,01 Genesis,48,"These four feasts came during the first half of the year. On the day of the seventh month, there was the feast of the blowing of the trumpet, and on the tenth day of the seventh month was the feast of atonement.",关于这事，我们需要读几处利未记的经文。（利二三41。）这几节告诉我们，每年的正月百姓有节期。节期也与节令有关。正月的节期是逾越节，接著是无酵节，然后是初熟节，再后是七七节，也称五旬节。这四个节期都是在上半年。然后，七月一日是吹号节，七月十日是赎罪节，还有七月十五日是住棚节。以上七个节期全是按月分守的。,91,12,211.0,default_front_glossary,learning_only,赎罪,false,false,false,true,"{""schema"": ""sentence_reader.lifestudy_full_database_import_prepare.item.v1"", ""original_product_layer"": ""default_front_glossary"", ""original_final_category"": ""learning_only"", ""source_volume"": ""01 Genesis"", ""source_page"": ""48"", ""can_default_popup"": true, ""single_click_popup_enabled"": true, ""high_confidence_popup"": true, ""can_learning_search"": true, ""needs_followup_review"": false, ""repaired_from_reject"": false, ""part_of_speech"": ""noun"", ""part_of_speech_zh"": ""名词"", ""popup_speak_text_zh"": ""名词，赎罪。英文，atonement。"", ""tts_engine_preferred"": ""edge-tts"", ""tts_voice_preferred"": ""zh-CN-YunjianNeural""}"
sinless,sinless,无罪的,adjective,形容词,形容词，无罪的。英文，sinless。,edge-tts,zh-CN-YunjianNeural,A,true,true,true,true,true,false,default_front_glossary,Promote as a stable theological adjective; evidence directly supports 无罪的 in Christ/life context.,final_import_precheck_49,true,false,1565,02 Exodus,225,"Therefore, the feast The flesh of the Passover lamb signifies the sinless of Christ. We received Christ not only in His death and resurrection, but also in His sinlessness, for life is not only a crucified and resurrected life, also a sinless life.",（五）守除酵节作为逾越节的延续七日以色列人要守除酵节作为逾越节出埃及记生命读经第篇第页的延续。（十二十三出埃及记十二章十八节说：『从正月十四日晚上，直到二十一日晚上，你们要吃无酵饼。』我们已指出，当以色列人吃逾越节的羊羔时，他们也需要吃无酵饼。我们看见逾越节只有一天，而除酵节却有七日之久。所以，除酵节是逾越节的延续。逾越节羊羔的肉表征基督无罪的生命。我们不仅接受基督的死与复活，并且接受祂的无罪，因祂的生命不仅是钉死和复活的生命，也是无罪的生命。所以，我们必须吃羊羔的肉和无酵饼。这意思是从我们接受基督而得救，并且人生有了新起头的时候，我们就开始过无酵的生活，就是无罪的生活。,77,15,227.0,default_front_glossary,learning_only,无罪的,false,false,false,true,"{""schema"": ""sentence_reader.lifestudy_full_database_import_prepare.item.v1"", ""original_product_layer"": ""default_front_glossary"", ""original_final_category"": ""learning_only"", ""source_volume"": ""02 Exodus"", ""source_page"": ""225"", ""can_default_popup"": true, ""single_click_popup_enabled"": true, ""high_confidence_popup"": true, ""can_learning_search"": true, ""needs_followup_review"": false, ""repaired_from_reject"": false, ""part_of_speech"": ""adjective"", ""part_of_speech_zh"": ""形容词"", ""popup_speak_text_zh"": ""形容词，无罪的。英文，sinless。"", ""tts_engine_preferred"": ""edge-tts"", ""tts_voice_preferred"": ""zh-CN-YunjianNeural""}"
zoe,zoe,生命,noun,名词,名词，生命。英文，zoe。,edge-tts,zh-CN-YunjianNeural,A,true,true,true,true,true,false,default_front_glossary,Promote as a high-value Life-study term; evidence explains zoe as the eternal divine life and directly contains 生命.,final_import_precheck_49,true,false,2017,43 John,211,"In verse the Greek word is zoe, which is the word used in the New Testament for the eternal divine life.",基督舍了祂的魂生命，叫羊得到神的生命在十节主说，『我来了，是要叫羊得生命，并且得的更丰盛。』在十一节祂说，『我是好牧人，好牧人为羊舍命。』这两节的『生命，』原文是两个不同的字。在十节，希腊文是奏厄。这字在新约里是指永远、神圣的生命。在十一节，希腊文是,46,6,106.0,default_front_glossary,learning_only,生命,false,false,false,true,"{""schema"": ""sentence_reader.lifestudy_full_database_import_prepare.item.v1"", ""original_product_layer"": ""default_front_glossary"", ""original_final_category"": ""learning_only"", ""source_volume"": ""43 John"", ""source_page"": ""211"", ""can_default_popup"": true, ""single_click_popup_enabled"": true, ""high_confidence_popup"": true, ""can_learning_search"": true, ""needs_followup_review"": false, ""repaired_from_reject"": false, ""part_of_speech"": ""noun"", ""part_of_speech_zh"": ""名词"", ""popup_speak_text_zh"": ""名词，生命。英文，zoe。"", ""tts_engine_preferred"": ""edge-tts"", ""tts_voice_preferred"": ""zh-CN-YunjianNeural""}"
